category,subcategory,name,sale_price,base_price,discount_rate,rating,rating_count,rocket,product_url,image_url
스마트폰,,"샤오미 15 RAM 12GB, 화이트, 256GB",1109900,,,5.0,2.0,True,https://www.coupang.com/vp/products/8829864164?itemId=25727766583&searchId=4a1d23e7ff3445bfa0aca18755cc873a&sourceType=brandstore-carousel&storeId=206142&subSourceType=brandstore-carousel&vendorId=A01321495&vendorItemId=92716404359,https://thumbnail7.coupangcdn.com/thumbnails/remote/230x230ex/image/retail/images/2025/06/10/14/3/854d32ea-b6d2-4ec7-9ea2-812387a7b870.jpg
스마트폰,,"샤오미 15 RAM 12GB, 그린, 256GB",1109900,,,5.0,2.0,True,https://www.coupang.com/vp/products/8829864164?itemId=25727766584&searchId=4a1d23e7ff3445bfa0aca18755cc873a&sourceType=brandstore-carousel&storeId=206142&subSourceType=brandstore-carousel&vendorId=A01321495&vendorItemId=92716404370,https://thumbnail10.coupangcdn.com/thumbnails/remote/230x230ex/image/retail/images/2025/06/10/14/1/90cb684f-bc73-41cb-bbd1-06354852daa7.jpg
스마트폰,,"샤오미 15 RAM 12GB, 블랙, 256GB",1109900,,,5.0,2.0,True,https://www.coupang.com/vp/products/8829864164?itemId=25727766588&searchId=4a1d23e7ff3445bfa0aca18755cc873a&sourceType=brandstore-carousel&storeId=206142&subSourceType=brandstore-carousel&vendorId=A01321495&vendorItemId=92716404379,https://thumbnail10.coupangcdn.com/thumbnails/remote/230x230ex/image/retail/images/2025/06/10/14/2/fc398a19-a999-4f69-b765-7a551f82c899.jpg
스마트폰,,"샤오미 15 RAM 12GB, 화이트, 512GB",1149500,,,5.0,2.0,True,https://www.coupang.com/vp/products/8829864164?itemId=25727766589&searchId=4a1d23e7ff3445bfa0aca18755cc873a&sourceType=brandstore-carousel&storeId=206142&subSourceType=brandstore-carousel&vendorId=A01321495&vendorItemId=92716404392,https://thumbnail7.coupangcdn.com/thumbnails/remote/230x230ex/image/retail/images/2025/06/10/14/3/854d32ea-b6d2-4ec7-9ea2-812387a7b870.jpg
스마트폰,,"샤오미 15 RAM 12GB, 그린, 512GB",1149500,,,5.0,2.0,True,https://www.coupang.com/vp/products/8829864164?itemId=25727766590&searchId=4a1d23e7ff3445bfa0aca18755cc873a&sourceType=brandstore-carousel&storeId=206142&subSourceType=brandstore-carousel&vendorId=A01321495&vendorItemId=92716404408,https://thumbnail10.coupangcdn.com/thumbnails/remote/230x230ex/image/retail/images/2025/06/10/14/1/90cb684f-bc73-41cb-bbd1-06354852daa7.jpg
스마트폰,,"샤오미 15 RAM 12GB, 블랙, 512GB",1149500,,,5.0,2.0,True,https://www.coupang.com/vp/products/8829864164?itemId=25727766591&searchId=4a1d23e7ff3445bfa0aca18755cc873a&sourceType=brandstore-carousel&storeId=206142&subSourceType=brandstore-carousel&vendorId=A01321495&vendorItemId=92716404419,https://thumbnail10.coupangcdn.com/thumbnails/remote/230x230ex/image/retail/images/2025/06/10/14/2/fc398a19-a999-4f69-b765-7a551f82c899.jpg
스마트폰,포코 M7 PRO,"샤오미 포코 M7 PRO 5G RAM 8GB, 그린, 256GB",279990,,,4.5,28.0,True,https://www.coupang.com/vp/products/8721969902?itemId=25335711905&searchId=7df4004446174df9844d231027e20c34&sourceType=brandstore-products&storeId=206142&subSourceType=brandstore-products&vendorId=A01321495&vendorItemId=92330453429,https://thumbnail9.coupangcdn.com/thumbnails/remote/230x230ex/image/retail/images/2025/04/17/15/9/c09e6a00-598d-4a96-9d55-7919e40b20ee.jpg
스마트폰,포코 M7 PRO,"샤오미 포코 M7 PRO 5G RAM 8GB, 실버, 256GB",279990,,,4.5,28.0,True,https://www.coupang.com/vp/products/8721969902?itemId=25335711907&searchId=7df4004446174df9844d231027e20c34&sourceType=brandstore-products&storeId=206142&subSourceType=brandstore-products&vendorId=A01321495&vendorItemId=92330453442,https://thumbnail6.coupangcdn.com/thumbnails/remote/230x230ex/image/retail/images/2025/04/17/15/0/918ec728-a7be-4ec5-9244-6c3ad8c89e8b.jpg
스마트폰,포코 M7 PRO,"샤오미 포코 M7 PRO 5G RAM 8GB, 퍼플, 256GB",279990,,,4.5,28.0,True,https://www.coupang.com/vp/products/8721969902?itemId=25335711909&searchId=7df4004446174df9844d231027e20c34&sourceType=brandstore-products&storeId=206142&subSourceType=brandstore-products&vendorId=A01321495&vendorItemId=92330453457,https://thumbnail8.coupangcdn.com/thumbnails/remote/230x230ex/image/retail/images/2025/04/17/15/1/68c740de-0e12-408b-9c61-c3993232fe31.jpg
스마트폰,포코 F7 PRO,"샤오미 포코 F7 PRO RAM 12GB, 블루, 256GB",719990,,,5.0,12.0,True,https://www.coupang.com/vp/products/8715442089?itemId=25312774535&searchId=b84b2802482947fb9de1e26e71e65fee&sourceType=brandstore-products&storeId=206142&subSourceType=brandstore-products&vendorId=A01321495&vendorItemId=92307858425,"data:image/gif;base64,R0lGODlhAQABAIAAAAAAAP///yH5BAEAAAAALAAAAAABAAEAAAIBRAA7"
스마트폰,포코 F7 PRO,"샤오미 포코 F7 PRO RAM 12GB, 실버, 256GB",719990,,,5.0,12.0,True,https://www.coupang.com/vp/products/8715442089?itemId=25312774539&searchId=b84b2802482947fb9de1e26e71e65fee&sourceType=brandstore-products&storeId=206142&subSourceType=brandstore-products&vendorId=A01321495&vendorItemId=92307858433,"data:image/gif;base64,R0lGODlhAQABAIAAAAAAAP///yH5BAEAAAAALAAAAAABAAEAAAIBRAA7"
스마트폰,포코 F7 PRO,"샤오미 포코 F7 PRO RAM 12GB, 블랙, 256GB",719990,,,5.0,12.0,True,https://www.coupang.com/vp/products/8715442089?itemId=25312774543&searchId=b84b2802482947fb9de1e26e71e65fee&sourceType=brandstore-products&storeId=206142&subSourceType=brandstore-products&vendorId=A01321495&vendorItemId=92307858439,"data:image/gif;base64,R0lGODlhAQABAIAAAAAAAP///yH5BAEAAAAALAAAAAABAAEAAAIBRAA7"
스마트폰,포코 F7 PRO,"샤오미 포코 F7 PRO RAM 12GB, 블루, 512GB",799990,,,5.0,12.0,True,https://www.coupang.com/vp/products/8715442089?itemId=25312774548&searchId=b84b2802482947fb9de1e26e71e65fee&sourceType=brandstore-products&storeId=206142&subSourceType=brandstore-products&vendorId=A01321495&vendorItemId=92307858447,"data:image/gif;base64,R0lGODlhAQABAIAAAAAAAP///yH5BAEAAAAALAAAAAABAAEAAAIBRAA7"
스마트폰,포코 F7 PRO,"샤오미 포코 F7 PRO RAM 12GB, 실버, 512GB",799990,,,5.0,12.0,True,https://www.coupang.com/vp/products/8715442089?itemId=25312774551&searchId=b84b2802482947fb9de1e26e71e65fee&sourceType=brandstore-products&storeId=206142&subSourceType=brandstore-products&vendorId=A01321495&vendorItemId=92307858455,"data:image/gif;base64,R0lGODlhAQABAIAAAAAAAP///yH5BAEAAAAALAAAAAABAAEAAAIBRAA7"
스마트폰,포코 F7 PRO,"샤오미 포코 F7 PRO RAM 12GB, 블랙, 512GB",799990,,,5.0,12.0,True,https://www.coupang.com/vp/products/8715442089?itemId=25312774555&searchId=b84b2802482947fb9de1e26e71e65fee&sourceType=brandstore-products&storeId=206142&subSourceType=brandstore-products&vendorId=A01321495&vendorItemId=92307858465,"data:image/gif;base64,R0lGODlhAQABAIAAAAAAAP///yH5BAEAAAAALAAAAAABAAEAAAIBRAA7"
스마트폰,15 ULTRA,"샤오미 15 ULTRA RAM 16GB, 블랙, 512GB",1699000,,,5.0,20.0,True,https://www.coupang.com/vp/products/8653029392?itemId=25120305889&searchId=cc8b6b5e3b4842cea058aa0b44e5337e&sourceType=brandstore-products&storeId=206142&subSourceType=brandstore-products&vendorId=A01321495&vendorItemId=92119684647,"data:image/gif;base64,R0lGODlhAQABAIAAAAAAAP///yH5BAEAAAAALAAAAAABAAEAAAIBRAA7"
스마트폰,15 ULTRA,"샤오미 15 ULTRA RAM 16GB, 실버 크롬, 512GB",1699000,,,5.0,20.0,True,https://www.coupang.com/vp/products/8653029392?itemId=25120305888&searchId=cc8b6b5e3b4842cea058aa0b44e5337e&sourceType=brandstore-products&storeId=206142&subSourceType=brandstore-products&vendorId=A01321495&vendorItemId=92119684642,"data:image/gif;base64,R0lGODlhAQABAIAAAAAAAP///yH5BAEAAAAALAAAAAABAAEAAAIBRAA7"
스마트폰,15 ULTRA,"샤오미 15 ULTRA RAM 16GB, 화이트, 512GB",1699000,,,5.0,20.0,True,https://www.coupang.com/vp/products/8653029392?itemId=25120305887&searchId=cc8b6b5e3b4842cea058aa0b44e5337e&sourceType=brandstore-products&storeId=206142&subSourceType=brandstore-products&vendorId=A01321495&vendorItemId=92119684639,"data:image/gif;base64,R0lGODlhAQABAIAAAAAAAP///yH5BAEAAAAALAAAAAABAAEAAAIBRAA7"
스마트폰,POCO X7 Pro,"샤오미 포코 X7 Pro 자급제, 블랙, 256GB",448000,,,5.0,289.0,True,https://www.coupang.com/vp/products/8615468071?itemId=24991719950&searchId=04da39bdd39546f8aac188d0b7e092b6&sourceType=brandstore-products&storeId=206142&subSourceType=brandstore-products&vendorId=A01321495&vendorItemId=91997052509,"data:image/gif;base64,R0lGODlhAQABAIAAAAAAAP///yH5BAEAAAAALAAAAAABAAEAAAIBRAA7"
스마트폰,POCO X7 Pro,"샤오미 포코 X7 Pro 자급제, 그린, 256GB",448000,,,5.0,289.0,True,https://www.coupang.com/vp/products/8615468071?itemId=24991719945&searchId=04da39bdd39546f8aac188d0b7e092b6&sourceType=brandstore-products&storeId=206142&subSourceType=brandstore-products&vendorId=A01321495&vendorItemId=91997052493,"data:image/gif;base64,R0lGODlhAQABAIAAAAAAAP///yH5BAEAAAAALAAAAAABAAEAAAIBRAA7"
스마트폰,POCO X7 Pro,"샤오미 포코 X7 Pro 자급제, 옐로우, 512GB",548000,,,5.0,289.0,True,https://www.coupang.com/vp/products/8615468071?itemId=25004767482&searchId=04da39bdd39546f8aac188d0b7e092b6&sourceType=brandstore-products&storeId=206142&subSourceType=brandstore-products&vendorId=A01321495&vendorItemId=92009842321,"data:image/gif;base64,R0lGODlhAQABAIAAAAAAAP///yH5BAEAAAAALAAAAAABAAEAAAIBRAA7"
스마트폰,POCO X7 Pro,"샤오미 포코 X7 Pro 자급제, 블랙, 512GB",548000,,,5.0,289.0,True,https://www.coupang.com/vp/products/8615468071?itemId=25004767485&searchId=04da39bdd39546f8aac188d0b7e092b6&sourceType=brandstore-products&storeId=206142&subSourceType=brandstore-products&vendorId=A01321495&vendorItemId=92009842332,"data:image/gif;base64,R0lGODlhAQABAIAAAAAAAP///yH5BAEAAAAALAAAAAABAAEAAAIBRAA7"
스마트폰,POCO X7 Pro,"샤오미 포코 X7 Pro 자급제, 그린, 512GB",548000,,,5.0,289.0,True,https://www.coupang.com/vp/products/8615468071?itemId=25004767480&searchId=04da39bdd39546f8aac188d0b7e092b6&sourceType=brandstore-products&storeId=206142&subSourceType=brandstore-products&vendorId=A01321495&vendorItemId=92009842312,"data:image/gif;base64,R0lGODlhAQABAIAAAAAAAP///yH5BAEAAAAALAAAAAABAAEAAAIBRAA7"
스마트폰,라이카 14T 빛나는 선명함,"샤오미 14T 휴대폰, 타이탄그레이, 256GB",599800,,,4.5,157.0,True,https://www.coupang.com/vp/products/8522633157?itemId=24674245695&searchId=4abc664c31ed4e0297f4a177559a9e6d&sourceType=brandstore-carousel&storeId=206142&subSourceType=brandstore-carousel&vendorId=A01321495&vendorItemId=91684436077,"data:image/gif;base64,R0lGODlhAQABAIAAAAAAAP///yH5BAEAAAAALAAAAAABAAEAAAIBRAA7"
스마트폰,라이카 14T 빛나는 선명함,"샤오미 14T 휴대폰, 타이탄블랙, 256GB",599800,,,4.5,157.0,True,https://www.coupang.com/vp/products/8522633157?itemId=24674245696&searchId=4abc664c31ed4e0297f4a177559a9e6d&sourceType=brandstore-carousel&storeId=206142&subSourceType=brandstore-carousel&vendorId=A01321495&vendorItemId=91684436082,"data:image/gif;base64,R0lGODlhAQABAIAAAAAAAP///yH5BAEAAAAALAAAAAABAAEAAAIBRAA7"
스마트폰,라이카 14T 빛나는 선명함,"샤오미 14T 휴대폰, 타이탄블루, 256GB",599800,,,4.5,157.0,True,https://www.coupang.com/vp/products/8522633157?itemId=24674245693&searchId=4abc664c31ed4e0297f4a177559a9e6d&sourceType=brandstore-carousel&storeId=206142&subSourceType=brandstore-carousel&vendorId=A01321495&vendorItemId=91684436072,"data:image/gif;base64,R0lGODlhAQABAIAAAAAAAP///yH5BAEAAAAALAAAAAABAAEAAAIBRAA7"
스마트폰,라이카 14T 빛나는 선명함,"샤오미 14T 휴대폰, 레몬그린, 256GB",599800,,,4.5,157.0,True,https://www.coupang.com/vp/products/8522633157?itemId=24674245691&searchId=4abc664c31ed4e0297f4a177559a9e6d&sourceType=brandstore-carousel&storeId=206142&subSourceType=brandstore-carousel&vendorId=A01321495&vendorItemId=91684436068,"data:image/gif;base64,R0lGODlhAQABAIAAAAAAAP///yH5BAEAAAAALAAAAAABAAEAAAIBRAA7"
스마트폰,라이카 14T 빛나는 선명함,"샤오미 14T 12GB, 타이탄그레이, 512GB",649800,,,4.5,157.0,True,https://www.coupang.com/vp/products/8522633157?itemId=24674245701&searchId=4abc664c31ed4e0297f4a177559a9e6d&sourceType=brandstore-carousel&storeId=206142&subSourceType=brandstore-carousel&vendorId=A01321495&vendorItemId=91684436093,"data:image/gif;base64,R0lGODlhAQABAIAAAAAAAP///yH5BAEAAAAALAAAAAABAAEAAAIBRAA7"
스마트폰,라이카 14T 빛나는 선명함,"샤오미 14T 휴대폰, 타이탄블랙, 512GB",649800,,,4.5,157.0,True,https://www.coupang.com/vp/products/8522633157?itemId=24674245702&searchId=4abc664c31ed4e0297f4a177559a9e6d&sourceType=brandstore-carousel&storeId=206142&subSourceType=brandstore-carousel&vendorId=A01321495&vendorItemId=91684436096,"data:image/gif;base64,R0lGODlhAQABAIAAAAAAAP///yH5BAEAAAAALAAAAAABAAEAAAIBRAA7"
스마트폰,라이카 14T 빛나는 선명함,"샤오미 14T 휴대폰, 타이탄블루, 512GB",649800,,,4.5,157.0,True,https://www.coupang.com/vp/products/8522633157?itemId=24674245700&searchId=4abc664c31ed4e0297f4a177559a9e6d&sourceType=brandstore-carousel&storeId=206142&subSourceType=brandstore-carousel&vendorId=A01321495&vendorItemId=91684436091,"data:image/gif;base64,R0lGODlhAQABAIAAAAAAAP///yH5BAEAAAAALAAAAAABAAEAAAIBRAA7"
스마트폰,라이카 14T 빛나는 선명함,"샤오미 14T 휴대폰, 레몬그린, 512GB",649800,,,4.5,157.0,True,https://www.coupang.com/vp/products/8522633157?itemId=24674245698&searchId=4abc664c31ed4e0297f4a177559a9e6d&sourceType=brandstore-carousel&storeId=206142&subSourceType=brandstore-carousel&vendorId=A01321495&vendorItemId=91684436087,"data:image/gif;base64,R0lGODlhAQABAIAAAAAAAP///yH5BAEAAAAALAAAAAABAAEAAAIBRAA7"
스마트폰,레드미노트14프로 강한내구성,"샤오미 레드미 노트 14 PRO 휴대폰, 미드나이트블랙, 256GB",399300,,,4.5,89.0,True,https://www.coupang.com/vp/products/8540019824?itemId=24724662598&searchId=973baf6ac88e484da691084a8ea351da&sourceType=brandstore-carousel&storeId=206142&subSourceType=brandstore-carousel&vendorId=A01321495&vendorItemId=91733824991,"data:image/gif;base64,R0lGODlhAQABAIAAAAAAAP///yH5BAEAAAAALAAAAAABAAEAAAIBRAA7"
스마트폰,레드미노트14프로 강한내구성,"샤오미 레드미 노트 14 PRO 휴대폰, 코랄그린, 256GB",399300,,,4.5,89.0,True,https://www.coupang.com/vp/products/8540019824?itemId=24724662600&searchId=973baf6ac88e484da691084a8ea351da&sourceType=brandstore-carousel&storeId=206142&subSourceType=brandstore-carousel&vendorId=A01321495&vendorItemId=91733825007,"data:image/gif;base64,R0lGODlhAQABAIAAAAAAAP///yH5BAEAAAAALAAAAAABAAEAAAIBRAA7"
스마트폰,레드미노트14프로 강한내구성,"샤오미 레드미 노트 14 PRO 휴대폰, 라벤더퍼플, 256GB",399300,,,4.5,89.0,True,https://www.coupang.com/vp/products/8540019824?itemId=24724662599&searchId=973baf6ac88e484da691084a8ea351da&sourceType=brandstore-carousel&storeId=206142&subSourceType=brandstore-carousel&vendorId=A01321495&vendorItemId=91733824999,"data:image/gif;base64,R0lGODlhAQABAIAAAAAAAP///yH5BAEAAAAALAAAAAABAAEAAAIBRAA7"
스마트폰,레드미노트14프로 강한내구성,"샤오미 레드미 노트 14 PRO 12GB, 미드나이트 블랙, 512GB",499400,,,4.5,89.0,True,https://www.coupang.com/vp/products/8540019824?itemId=24724662687&searchId=973baf6ac88e484da691084a8ea351da&sourceType=brandstore-carousel&storeId=206142&subSourceType=brandstore-carousel&vendorId=A01321495&vendorItemId=91733825073,"data:image/gif;base64,R0lGODlhAQABAIAAAAAAAP///yH5BAEAAAAALAAAAAABAAEAAAIBRAA7"
스마트폰,레드미노트14프로 강한내구성,"샤오미 레드미 노트 14 PRO 12GB, 코랄 그린, 512GB",499400,,,4.5,89.0,True,https://www.coupang.com/vp/products/8540019824?itemId=24724662689&searchId=973baf6ac88e484da691084a8ea351da&sourceType=brandstore-carousel&storeId=206142&subSourceType=brandstore-carousel&vendorId=A01321495&vendorItemId=91733825078,"data:image/gif;base64,R0lGODlhAQABAIAAAAAAAP///yH5BAEAAAAALAAAAAABAAEAAAIBRAA7"
스마트폰,레드미노트14프로 강한내구성,"샤오미 레드미 노트 14 PRO 휴대폰, 라벤더 퍼플, 512GB",499400,,,4.5,89.0,True,https://www.coupang.com/vp/products/8540019824?itemId=24724662688&searchId=973baf6ac88e484da691084a8ea351da&sourceType=brandstore-carousel&storeId=206142&subSourceType=brandstore-carousel&vendorId=A01321495&vendorItemId=91733825075,"data:image/gif;base64,R0lGODlhAQABAIAAAAAAAP///yH5BAEAAAAALAAAAAABAAEAAAIBRAA7"
스마트폰,최고의 가성비 14C,"샤오미 레드미 14C 4GB, 미드나이트블랙, 128GB",129600,149600.0,13.0,4.5,178.0,True,https://www.coupang.com/vp/products/8401473692?itemId=24285892087&searchId=596c9e1d935a44bdbc40a401188c672a&sourceType=brandstore-carousel&storeId=206142&subSourceType=brandstore-carousel&vendorId=A01321495&vendorItemId=91302150139,"data:image/gif;base64,R0lGODlhAQABAIAAAAAAAP///yH5BAEAAAAALAAAAAABAAEAAAIBRAA7"
스마트폰,최고의 가성비 14C,"샤오미 레드미 14C 4GB, 세이지그린, 128GB",129600,149600.0,13.0,4.5,178.0,True,https://www.coupang.com/vp/products/8401473692?itemId=24285892090&searchId=596c9e1d935a44bdbc40a401188c672a&sourceType=brandstore-carousel&storeId=206142&subSourceType=brandstore-carousel&vendorId=A01321495&vendorItemId=91302150146,"data:image/gif;base64,R0lGODlhAQABAIAAAAAAAP///yH5BAEAAAAALAAAAAABAAEAAAIBRAA7"
스마트폰,최고의 가성비 14C,"샤오미 레드미 14C 4GB, 스태리블루, 128GB",129600,149600.0,13.0,4.5,178.0,True,https://www.coupang.com/vp/products/8401473692?itemId=24285892093&searchId=596c9e1d935a44bdbc40a401188c672a&sourceType=brandstore-carousel&storeId=206142&subSourceType=brandstore-carousel&vendorId=A01321495&vendorItemId=91302150153,"data:image/gif;base64,R0lGODlhAQABAIAAAAAAAP///yH5BAEAAAAALAAAAAABAAEAAAIBRAA7"
스마트폰,최고의 가성비 14C,"샤오미 레드미 14C 휴대폰, 미드나이트블랙, 256GB",179100,199100.0,10.0,4.5,197.0,True,https://www.coupang.com/vp/products/8401473753?itemId=24285892222&searchId=596c9e1d935a44bdbc40a401188c672a&sourceType=brandstore-carousel&storeId=206142&subSourceType=brandstore-carousel&vendorId=A01321495&vendorItemId=91302150222,"data:image/gif;base64,R0lGODlhAQABAIAAAAAAAP///yH5BAEAAAAALAAAAAABAAEAAAIBRAA7"
스마트폰,최고의 가성비 14C,"샤오미 레드미 14C 8GB, 스태리블루, 256GB",179100,199100.0,10.0,4.5,197.0,True,https://www.coupang.com/vp/products/8401473753?itemId=24285892226&searchId=596c9e1d935a44bdbc40a401188c672a&sourceType=brandstore-carousel&storeId=206142&subSourceType=brandstore-carousel&vendorId=A01321495&vendorItemId=91302150237,"data:image/gif;base64,R0lGODlhAQABAIAAAAAAAP///yH5BAEAAAAALAAAAAABAAEAAAIBRAA7"
스마트폰,최고의 가성비 14C,"샤오미 레드미 14C 휴대폰, 세이지그린, 256GB",179100,199100.0,10.0,4.5,197.0,True,https://www.coupang.com/vp/products/8401473753?itemId=24285892225&searchId=596c9e1d935a44bdbc40a401188c672a&sourceType=brandstore-carousel&storeId=206142&subSourceType=brandstore-carousel&vendorId=A01321495&vendorItemId=91302150231,"data:image/gif;base64,R0lGODlhAQABAIAAAAAAAP///yH5BAEAAAAALAAAAAABAAEAAAIBRAA7"
스마트폰,스마트폰,"샤오미 레드미 노트 13 공기계, 미드나잇블랙, 264GB",299200,349200.0,14.0,4.5,202.0,True,https://www.coupang.com/vp/products/7920962091?itemId=21760926739&searchId=0659c4a030434cb38a3bfb1cb0935463&sourceType=brandstore-products&storeId=206142&subSourceType=brandstore-products&vendorId=A01321495&vendorItemId=88809892217,https://thumbnail8.coupangcdn.com/thumbnails/remote/230x230ex/image/vendor_inventory/1388/ec7b1282b9840b8fb09536f83f4ac09383a40cde2cdb115e1a3fe48b4fed.jpg
태블릿 PC,샤오미 패드 7,"샤오미 패드 7 태블릿PC RAM 8GB, 블루, 128GB, Wi-Fi",459800,,,5.0,31.0,True,https://www.coupang.com/vp/products/8658434233?itemId=25129365813&searchId=3179a07d3d84464ab0476d51e8ef3ce0&sourceType=brandstore-products&storeId=206142&subSourceType=brandstore-products&vendorId=A01321495&vendorItemId=92128521389,https://thumbnail10.coupangcdn.com/thumbnails/remote/230x230ex/image/retail/images/2025/03/18/15/6/a8fd4245-60de-4267-a46e-9de5df11f159.jpg
태블릿 PC,샤오미 패드 7,"샤오미 패드 7 태블릿PC RAM 8GB, 그레이, 128GB, Wi-Fi",459800,,,5.0,31.0,True,https://www.coupang.com/vp/products/8658434233?itemId=25129178466&searchId=3179a07d3d84464ab0476d51e8ef3ce0&sourceType=brandstore-products&storeId=206142&subSourceType=brandstore-products&vendorId=A01321495&vendorItemId=92128338676,https://thumbnail8.coupangcdn.com/thumbnails/remote/230x230ex/image/retail/images/2025/03/18/14/5/da7030cc-a3ce-476e-afb9-f6cd47ba399f.jpg
태블릿 PC,샤오미 패드 7,"샤오미 패드 7 태블릿PC RAM 8GB, 그린, 256GB, Wi-Fi",499800,,,5.0,31.0,True,https://www.coupang.com/vp/products/8658434233?itemId=25129399085&searchId=3179a07d3d84464ab0476d51e8ef3ce0&sourceType=brandstore-products&storeId=206142&subSourceType=brandstore-products&vendorId=A01321495&vendorItemId=92128553878,https://thumbnail8.coupangcdn.com/thumbnails/remote/230x230ex/image/retail/images/2025/03/18/15/5/f2341696-c335-4fad-9e86-ab1772958a14.jpg
태블릿 PC,샤오미 패드 7,"샤오미 패드 7 태블릿PC RAM 8GB, 그린, 128GB, Wi-Fi",459800,,,5.0,31.0,True,https://www.coupang.com/vp/products/8658434233?itemId=25142617446&searchId=3179a07d3d84464ab0476d51e8ef3ce0&sourceType=brandstore-products&storeId=206142&subSourceType=brandstore-products&vendorId=A01321495&vendorItemId=92141542503,https://thumbnail7.coupangcdn.com/thumbnails/remote/230x230ex/image/retail/images/2025/03/20/11/5/627138d9-51bd-4b89-9fc2-60dcddf57773.jpg
태블릿 PC,샤오미 패드 6,"샤오미 패드 6 태블릿PC, 그래비티 그레이, 128GB, Wi-Fi",448000,,,5.0,392.0,True,https://www.coupang.com/vp/products/7518040642?itemId=19712665667&searchId=7e176c9f97944863a2dc8f61100fde55&sourceType=brandstore-carousel&storeId=206142&subSourceType=brandstore-carousel&vendorId=A01321495&vendorItemId=86816995991,"data:image/gif;base64,R0lGODlhAQABAIAAAAAAAP///yH5BAEAAAAALAAAAAABAAEAAAIBRAA7"
태블릿 PC,샤오미 패드 6,"샤오미 패드 6 태블릿PC, 미스트 블루, 128GB, Wi-Fi",428000,,,5.0,104.0,True,https://www.coupang.com/vp/products/7518040561?itemId=19712665275&searchId=7e176c9f97944863a2dc8f61100fde55&sourceType=brandstore-carousel&storeId=206142&subSourceType=brandstore-carousel&vendorId=A01321495&vendorItemId=86816995651,"data:image/gif;base64,R0lGODlhAQABAIAAAAAAAP///yH5BAEAAAAALAAAAAABAAEAAAIBRAA7"
태블릿 PC,샤오미 패드 6,"샤오미 패드 6 태블릿PC 8GB, 미스트 블루, 128GB, Wi-Fi",448000,,,5.0,392.0,True,https://www.coupang.com/vp/products/7518040642?itemId=19712665654&searchId=7e176c9f97944863a2dc8f61100fde55&sourceType=brandstore-carousel&storeId=206142&subSourceType=brandstore-carousel&vendorId=A01321495&vendorItemId=86816995950,"data:image/gif;base64,R0lGODlhAQABAIAAAAAAAP///yH5BAEAAAAALAAAAAABAAEAAAIBRAA7"
태블릿 PC,샤오미 패드 6,"샤오미 패드 6 태블릿PC 8GB, 샴페인골드, 256GB, Wi-Fi",478000,,,5.0,392.0,True,https://www.coupang.com/vp/products/7518040642?itemId=19712665662&searchId=7e176c9f97944863a2dc8f61100fde55&sourceType=brandstore-carousel&storeId=206142&subSourceType=brandstore-carousel&vendorId=A01321495&vendorItemId=86816995968,"data:image/gif;base64,R0lGODlhAQABAIAAAAAAAP///yH5BAEAAAAALAAAAAABAAEAAAIBRAA7"
태블릿 PC,샤오미 패드 6,"샤오미 패드 6 태블릿PC 6GB, 샴페인골드, 128GB, Wi-Fi",428000,,,5.0,104.0,True,https://www.coupang.com/vp/products/7518040561?itemId=19712665271&searchId=7e176c9f97944863a2dc8f61100fde55&sourceType=brandstore-carousel&storeId=206142&subSourceType=brandstore-carousel&vendorId=A01321495&vendorItemId=86816995633,"data:image/gif;base64,R0lGODlhAQABAIAAAAAAAP///yH5BAEAAAAALAAAAAABAAEAAAIBRAA7"
태블릿 PC,샤오미 패드 6,"샤오미 패드 6 태블릿PC 8GB, 샴페인 골드, 128GB, Wi-Fi",448000,,,5.0,392.0,True,https://www.coupang.com/vp/products/7518040642?itemId=19712665659&searchId=7e176c9f97944863a2dc8f61100fde55&sourceType=brandstore-carousel&storeId=206142&subSourceType=brandstore-carousel&vendorId=A01321495&vendorItemId=86816995958,"data:image/gif;base64,R0lGODlhAQABAIAAAAAAAP///yH5BAEAAAAALAAAAAABAAEAAAIBRAA7"
태블릿 PC,샤오미 레드미 패드 SE,"샤오미 레드미 패드 SE 태블릿PC 8GB, 그라파이트 그레이, 256GB, Wi-Fi",268000,,,4.5,203.0,True,https://www.coupang.com/vp/products/8533836929?itemId=19734918371&searchId=f69c575eb72b48e3b74c400c03d71dea&sourceType=brandstore-carousel&storeId=206142&subSourceType=brandstore-carousel&vendorId=A01321495&vendorItemId=86838755422,"data:image/gif;base64,R0lGODlhAQABAIAAAAAAAP///yH5BAEAAAAALAAAAAABAAEAAAIBRAA7"
태블릿 PC,샤오미 레드미 패드 SE,"샤오미 레드미 패드 SE 태블릿PC 8.7 6GB, 그래파이트 그레이, 128GB, Wi-Fi",169800,199800.0,15.0,5.0,49.0,True,https://www.coupang.com/vp/products/8411152895?itemId=24319944956&searchId=f69c575eb72b48e3b74c400c03d71dea&sourceType=brandstore-carousel&storeId=206142&subSourceType=brandstore-carousel&vendorId=A01321495&vendorItemId=91335703314,"data:image/gif;base64,R0lGODlhAQABAIAAAAAAAP///yH5BAEAAAAALAAAAAABAAEAAAIBRAA7"
태블릿 PC,샤오미 레드미 패드 SE,"샤오미 레드미 패드 SE 태블릿PC 8.7 6GB, 오로라 그린, 128GB, Wi-Fi",169800,199800.0,15.0,5.0,49.0,True,https://www.coupang.com/vp/products/8411152895?itemId=24319944962&searchId=f69c575eb72b48e3b74c400c03d71dea&sourceType=brandstore-carousel&storeId=206142&subSourceType=brandstore-carousel&vendorId=A01321495&vendorItemId=91335703336,"data:image/gif;base64,R0lGODlhAQABAIAAAAAAAP///yH5BAEAAAAALAAAAAABAAEAAAIBRAA7"
태블릿 PC,샤오미 레드미 패드 SE,"샤오미 레드미 패드 SE 태블릿PC 8.7 4GB, 그래파이트 그레이, 64GB, Wi-Fi",129800,149800.0,13.0,4.5,91.0,True,https://www.coupang.com/vp/products/8411152896?itemId=24319944954&searchId=f69c575eb72b48e3b74c400c03d71dea&sourceType=brandstore-carousel&storeId=206142&subSourceType=brandstore-carousel&vendorId=A01321495&vendorItemId=91335703316,"data:image/gif;base64,R0lGODlhAQABAIAAAAAAAP///yH5BAEAAAAALAAAAAABAAEAAAIBRAA7"
태블릿 PC,샤오미 레드미 패드 SE,"샤오미 레드미 패드 SE 태블릿PC 8.7 6GB, 스카이블루, 128GB, Wi-Fi",169800,199800.0,15.0,5.0,49.0,True,https://www.coupang.com/vp/products/8411152895?itemId=24319944965&searchId=f69c575eb72b48e3b74c400c03d71dea&sourceType=brandstore-carousel&storeId=206142&subSourceType=brandstore-carousel&vendorId=A01321495&vendorItemId=91335703354,"data:image/gif;base64,R0lGODlhAQABAIAAAAAAAP///yH5BAEAAAAALAAAAAABAAEAAAIBRAA7"
태블릿 PC,샤오미 레드미 패드 SE,"샤오미 레드미 패드 SE 태블릿PC 8.7 4GB, 오로라 그린, 64GB, Wi-Fi",129800,149800.0,13.0,4.5,91.0,True,https://www.coupang.com/vp/products/8411152896?itemId=24319944960&searchId=f69c575eb72b48e3b74c400c03d71dea&sourceType=brandstore-carousel&storeId=206142&subSourceType=brandstore-carousel&vendorId=A01321495&vendorItemId=91335703335,"data:image/gif;base64,R0lGODlhAQABAIAAAAAAAP///yH5BAEAAAAALAAAAAABAAEAAAIBRAA7"
태블릿 PC,샤오미 레드미 패드 SE,"샤오미 레드미 패드 SE 태블릿PC 8.7 4GB, 스카이블루, 64GB, Wi-Fi",129800,149800.0,13.0,4.5,91.0,True,https://www.coupang.com/vp/products/8411152896?itemId=24319944964&searchId=f69c575eb72b48e3b74c400c03d71dea&sourceType=brandstore-carousel&storeId=206142&subSourceType=brandstore-carousel&vendorId=A01321495&vendorItemId=91335703351,"data:image/gif;base64,R0lGODlhAQABAIAAAAAAAP///yH5BAEAAAAALAAAAAABAAEAAAIBRAA7"
태블릿 PC,샤오미 레드미 패드 PRO,"샤오미 레드미 패드 Pro 태블릿 PC 2405CRPFDL, 그라파이트 그레이, 256GB, Wi-Fi",477200,,,5.0,181.0,True,https://www.coupang.com/vp/products/8134869826?itemId=23106625953&searchId=6e887f8b2fe247eca3c100d94c0f4ec8&sourceType=brandstore-products&storeId=206142&subSourceType=brandstore-products&vendorId=A01321495&vendorItemId=90139917725,https://thumbnail9.coupangcdn.com/thumbnails/remote/230x230ex/image/1025_amir_coupang_oct_80k/b2c5/5081a991089038d92cd2980d5d816a6b0e8e325eb086ee386e4bc12751f1.jpg
태블릿 PC,샤오미 레드미 패드 PRO,"샤오미 레드미 패드 Pro 전용 커버, 블루, 1개",17800,,,5.0,26.0,True,https://www.coupang.com/vp/products/8255037632?itemId=23771766650&searchId=6e887f8b2fe247eca3c100d94c0f4ec8&sourceType=brandstore-products&storeId=206142&subSourceType=brandstore-products&vendorId=A01321495&vendorItemId=90796041832,https://thumbnail9.coupangcdn.com/thumbnails/remote/230x230ex/image/retail/images/525893867481642-1b66ea78-a228-4928-99aa-7c268a7813cf.jpg
웨어러블,버즈6 프로/플레이/액티브,"샤오미 레드미 버즈 6 플레이 블루투스 이어폰, M2420E1, 블랙",16900,,,4.5,659.0,True,https://www.coupang.com/vp/products/8717109724?itemId=25318727006&searchId=664f56cd91e24288a27b1203cee657f0&sourceType=brandstore-carousel&storeId=206142&subSourceType=brandstore-carousel&vendorId=A01321495&vendorItemId=92313729450,https://thumbnail8.coupangcdn.com/thumbnails/remote/230x230ex/image/retail/images/2025/04/14/18/1/52b172eb-e4d3-4246-9ad9-250d73f43ce3.jpg
웨어러블,버즈6 프로/플레이/액티브,"샤오미 레드미 버즈 6 블루투스 이어폰, M2429E1, 코럴 그린",42760,49800.0,14.0,4.0,10.0,True,https://www.coupang.com/vp/products/8717699688?itemId=25320754625&searchId=664f56cd91e24288a27b1203cee657f0&sourceType=brandstore-carousel&storeId=206142&subSourceType=brandstore-carousel&vendorId=A01321495&vendorItemId=92315716735,https://thumbnail10.coupangcdn.com/thumbnails/remote/230x230ex/image/retail/images/2025/04/15/15/1/7aa3ed3c-8642-468c-804e-86cbda0a6df6.jpg
웨어러블,버즈6 프로/플레이/액티브,"샤오미 레드미 버즈 6 블루투스 이어폰, M2429E1, 클라우드 화이트",42760,49800.0,14.0,4.0,10.0,True,https://www.coupang.com/vp/products/8717699688?itemId=25320754627&searchId=664f56cd91e24288a27b1203cee657f0&sourceType=brandstore-carousel&storeId=206142&subSourceType=brandstore-carousel&vendorId=A01321495&vendorItemId=92315716745,https://thumbnail6.coupangcdn.com/thumbnails/remote/230x230ex/image/retail/images/2025/04/15/15/9/dc11a9ab-018a-4d1b-9d04-5c5d94987bda.jpg
웨어러블,버즈6 프로/플레이/액티브,"샤오미 레드미 버즈 6 블루투스 이어폰, M2429E1, 나이트 블랙",42760,49800.0,14.0,4.0,10.0,True,https://www.coupang.com/vp/products/8717699688?itemId=25320754629&searchId=664f56cd91e24288a27b1203cee657f0&sourceType=brandstore-carousel&storeId=206142&subSourceType=brandstore-carousel&vendorId=A01321495&vendorItemId=92315716753,https://thumbnail7.coupangcdn.com/thumbnails/remote/230x230ex/image/retail/images/2025/04/15/15/1/b46d8c70-9f82-4e2a-84d1-30e23e43e35f.jpg
웨어러블,버즈6 프로/플레이/액티브,"샤오미 Type C 유선 이어폰, M2413E1, 블랙",8560,9980.0,14.0,5.0,9.0,True,https://www.coupang.com/vp/products/8717655580?itemId=25320573629&searchId=664f56cd91e24288a27b1203cee657f0&sourceType=brandstore-carousel&storeId=206142&subSourceType=brandstore-carousel&vendorId=A01321495&vendorItemId=92315540075,"data:image/gif;base64,R0lGODlhAQABAIAAAAAAAP///yH5BAEAAAAALAAAAAABAAEAAAIBRAA7"
웨어러블,워치 S4,"샤오미 스마트워치 S4, 블랙, 36.32mm, GPS + 블루투스",178000,238000.0,25.0,5.0,38.0,True,https://www.coupang.com/vp/products/8660623739?itemId=25137653202&searchId=c1d6e0a9e9d145f28d00a21d9244a61d&sourceType=brandstore-carousel&storeId=206142&subSourceType=brandstore-carousel&vendorId=A01321495&vendorItemId=92136643035,"data:image/gif;base64,R0lGODlhAQABAIAAAAAAAP///yH5BAEAAAAALAAAAAABAAEAAAIBRAA7"
웨어러블,워치 S4,"샤오미 스마트워치 S4, 레인보우, 36.322cm, GPS + 블루투스",198000,208000.0,4.0,5.0,38.0,True,https://www.coupang.com/vp/products/8660623739?itemId=25171403387&searchId=c1d6e0a9e9d145f28d00a21d9244a61d&sourceType=brandstore-carousel&storeId=206142&subSourceType=brandstore-carousel&vendorId=A01321495&vendorItemId=92136662363,"data:image/gif;base64,R0lGODlhAQABAIAAAAAAAP///yH5BAEAAAAALAAAAAABAAEAAAIBRAA7"
웨어러블,워치 S4,"샤오미 스마트워치 S4, 실버silver, 3.632cm, GPS + 블루투스",178000,188000.0,5.0,5.0,38.0,True,https://www.coupang.com/vp/products/8660623739?itemId=25137660710&searchId=c1d6e0a9e9d145f28d00a21d9244a61d&sourceType=brandstore-carousel&storeId=206142&subSourceType=brandstore-carousel&vendorId=A01321495&vendorItemId=92136650541,"data:image/gif;base64,R0lGODlhAQABAIAAAAAAAP///yH5BAEAAAAALAAAAAABAAEAAAIBRAA7"
웨어러블,스마트 워치,"샤오미 레드미 워치 5, 실버그레이, 47.5mm, GPS + 블루투스",119800,177240.0,32.0,5.0,901.0,True,https://www.coupang.com/vp/products/8538118519?itemId=24717812226&searchId=2b886ec33d3b45d998179f0ef248f5b6&sourceType=brandstore-carousel&storeId=206142&subSourceType=brandstore-carousel&vendorId=A01321495&vendorItemId=91727118789,"data:image/gif;base64,R0lGODlhAQABAIAAAAAAAP///yH5BAEAAAAALAAAAAABAAEAAAIBRAA7"
웨어러블,스마트 워치,"샤오미 레드미 워치 5, 라벤더퍼플, 47.5cm, GPS + 블루투스",119800,177240.0,32.0,5.0,901.0,True,https://www.coupang.com/vp/products/8538118519?itemId=24717812227&searchId=2b886ec33d3b45d998179f0ef248f5b6&sourceType=brandstore-carousel&storeId=206142&subSourceType=brandstore-carousel&vendorId=A01321495&vendorItemId=91727118792,"data:image/gif;base64,R0lGODlhAQABAIAAAAAAAP///yH5BAEAAAAALAAAAAABAAEAAAIBRAA7"
웨어러블,스마트 워치,"샤오미 레드미 워치 5 액티브, 매트실버, 4.91cm, 블루투스",49800,,,5.0,290.0,True,https://www.coupang.com/vp/products/8500395232?itemId=24606483164&searchId=2b886ec33d3b45d998179f0ef248f5b6&sourceType=brandstore-carousel&storeId=206142&subSourceType=brandstore-carousel&vendorId=A01321495&vendorItemId=91617880173,"data:image/gif;base64,R0lGODlhAQABAIAAAAAAAP///yH5BAEAAAAALAAAAAABAAEAAAIBRAA7"
웨어러블,스마트 밴드,"샤오미 미밴드 9 프로 스마트밴드, 문라이트 실버, 4.6cm, GPS + 블루투스",89800,,,5.0,251.0,True,https://www.coupang.com/vp/products/8538655554?itemId=24719662614&searchId=0e59b9b90c8140de96c3b741942afc39&sourceType=brandstore-carousel&storeId=206142&subSourceType=brandstore-carousel&vendorId=A01321495&vendorItemId=91728914790,"data:image/gif;base64,R0lGODlhAQABAIAAAAAAAP///yH5BAEAAAAALAAAAAABAAEAAAIBRAA7"
웨어러블,스마트 밴드,"샤오미 미밴드 9 프로 스마트밴드, 옵시디언 블랙, 4.6cm, GPS + 블루투스",89800,,,5.0,251.0,True,https://www.coupang.com/vp/products/8538655554?itemId=24719662612&searchId=0e59b9b90c8140de96c3b741942afc39&sourceType=brandstore-carousel&storeId=206142&subSourceType=brandstore-carousel&vendorId=A01321495&vendorItemId=91728914772,"data:image/gif;base64,R0lGODlhAQABAIAAAAAAAP///yH5BAEAAAAALAAAAAABAAEAAAIBRAA7"
웨어러블,스마트 밴드,"샤오미 미밴드 9 프로 스마트밴드, 로즈 골드, 4.6cm, GPS + 블루투스",89800,,,5.0,251.0,True,https://www.coupang.com/vp/products/8538655554?itemId=24719662611&searchId=0e59b9b90c8140de96c3b741942afc39&sourceType=brandstore-carousel&storeId=206142&subSourceType=brandstore-carousel&vendorId=A01321495&vendorItemId=91728914755,"data:image/gif;base64,R0lGODlhAQABAIAAAAAAAP///yH5BAEAAAAALAAAAAABAAEAAAIBRAA7"
웨어러블,스마트 밴드,"샤오미 미밴드 9 스마트밴드, 아틱 블루, 4.1cm, 블루투스",48800,67110.0,27.0,5.0,1142.0,True,https://www.coupang.com/vp/products/8263119298?itemId=23806419366&searchId=0e59b9b90c8140de96c3b741942afc39&sourceType=brandstore-carousel&storeId=206142&subSourceType=brandstore-carousel&vendorId=A01321495&vendorItemId=90830275273,"data:image/gif;base64,R0lGODlhAQABAIAAAAAAAP///yH5BAEAAAAALAAAAAABAAEAAAIBRAA7"
웨어러블,버즈 / 무선이어폰,"샤오미 레드미 버즈 6 플레이 블루투스 이어폰, M2420E1, 블랙",16900,,,4.5,659.0,True,https://www.coupang.com/vp/products/8717109724?itemId=25318727006&searchId=f3dab129869b49108c3c251387d25a8c&sourceType=brandstore-carousel&storeId=206142&subSourceType=brandstore-carousel&vendorId=A01321495&vendorItemId=92313729450,"data:image/gif;base64,R0lGODlhAQABAIAAAAAAAP///yH5BAEAAAAALAAAAAABAAEAAAIBRAA7"
웨어러블,버즈 / 무선이어폰,"샤오미 레드미 버즈 6 블루투스 이어폰, M2429E1, 코럴 그린",42760,49800.0,14.0,4.0,10.0,True,https://www.coupang.com/vp/products/8717699688?itemId=25320754625&searchId=f3dab129869b49108c3c251387d25a8c&sourceType=brandstore-carousel&storeId=206142&subSourceType=brandstore-carousel&vendorId=A01321495&vendorItemId=92315716735,"data:image/gif;base64,R0lGODlhAQABAIAAAAAAAP///yH5BAEAAAAALAAAAAABAAEAAAIBRAA7"
웨어러블,버즈 / 무선이어폰,"샤오미 레드미 버즈 6 블루투스 이어폰, M2429E1, 클라우드 화이트",42760,49800.0,14.0,4.0,10.0,True,https://www.coupang.com/vp/products/8717699688?itemId=25320754627&searchId=f3dab129869b49108c3c251387d25a8c&sourceType=brandstore-carousel&storeId=206142&subSourceType=brandstore-carousel&vendorId=A01321495&vendorItemId=92315716745,"data:image/gif;base64,R0lGODlhAQABAIAAAAAAAP///yH5BAEAAAAALAAAAAABAAEAAAIBRAA7"
웨어러블,버즈 / 무선이어폰,"샤오미 레드미 버즈 6 블루투스 이어폰, M2429E1, 나이트 블랙",42760,49800.0,14.0,4.0,10.0,True,https://www.coupang.com/vp/products/8717699688?itemId=25320754629&searchId=f3dab129869b49108c3c251387d25a8c&sourceType=brandstore-carousel&storeId=206142&subSourceType=brandstore-carousel&vendorId=A01321495&vendorItemId=92315716753,"data:image/gif;base64,R0lGODlhAQABAIAAAAAAAP///yH5BAEAAAAALAAAAAABAAEAAAIBRAA7"
웨어러블,,"샤오미 미밴드 8 프로 스마트밴드, 블랙, 46mm, GPS",79800,84800.0,5.0,5.0,362.0,True,https://www.coupang.com/vp/products/7895269341?itemId=21624949527&searchId=4335dd28e71f4e8aa0592a7c2042a4c9&sourceType=brandstore-products&storeId=206142&subSourceType=brandstore-products&vendorId=A01321495&vendorItemId=88675974976,https://thumbnail8.coupangcdn.com/thumbnails/remote/230x230ex/image/1025_amir_coupang_oct_80k/1b2f/00a294747540c57296b5c53d0159acfd8b2d250253129f1819019b4c0511.jpg
웨어러블,,"샤오미 미밴드 8 프로 스마트밴드, 그레이, 46mm, GPS",79800,84800.0,5.0,5.0,362.0,True,https://www.coupang.com/vp/products/7895269341?itemId=21624949523&searchId=4335dd28e71f4e8aa0592a7c2042a4c9&sourceType=brandstore-products&storeId=206142&subSourceType=brandstore-products&vendorId=A01321495&vendorItemId=88675974956,https://thumbnail6.coupangcdn.com/thumbnails/remote/230x230ex/image/1025_amir_coupang_oct_80k/bae8/df7df405a622c9c6deeab981fa6c51878c226d71a7e5e410dcc7fe268ab9.jpg
웨어러블,,"샤오미 Redmi 워치 2 라이트, 블루, 39.3mm, GPS",72610,100850.0,28.0,4.5,1964.0,True,https://www.coupang.com/vp/products/6172367945?itemId=12057185221&searchId=4335dd28e71f4e8aa0592a7c2042a4c9&sourceType=brandstore-products&storeId=206142&subSourceType=brandstore-products&vendorId=A01321495&vendorItemId=79329322275,https://thumbnail7.coupangcdn.com/thumbnails/remote/230x230ex/image/retail/images/311685661866294-8e97356d-5005-4039-8c7e-f3d3c250b5cd.jpg
웨어러블,,"샤오미 레드미 워치 4, 옵시디언블랙, 47.5mm, GPS",99800,109800.0,9.0,5.0,1658.0,True,https://www.coupang.com/vp/products/7872135253?itemId=24495748008&searchId=4335dd28e71f4e8aa0592a7c2042a4c9&sourceType=brandstore-products&storeId=206142&subSourceType=brandstore-products&vendorId=A01321495&vendorItemId=88561308000,https://thumbnail9.coupangcdn.com/thumbnails/remote/230x230ex/image/vendor_inventory/130d/1388ed87f7cffaa0a578c91072dded45e97e597b24e7bbc17c51e7230b15.jpg
웨어러블,,"샤오미 레드미 워치 4, 실버그레이, 47.5mm, GPS",99800,109800.0,9.0,5.0,1658.0,True,https://www.coupang.com/vp/products/7872135253?itemId=21507778642&searchId=4335dd28e71f4e8aa0592a7c2042a4c9&sourceType=brandstore-products&storeId=206142&subSourceType=brandstore-products&vendorId=A01321495&vendorItemId=88561308009,https://thumbnail7.coupangcdn.com/thumbnails/remote/230x230ex/image/retail/images/327632379976873-6f2a1cff-da6f-46b1-a4c9-a8be0303a1b0.jpg
로봇청소기,로봇청소기,"샤오미 로봇청소기 X20+, 화이트",529000,,,5.0,291.0,True,https://www.coupang.com/vp/products/8118221878?itemId=23018798375&searchId=ed9574d5f4c248508c46efc46f5fc6ee&sourceType=brandstore-products&storeId=206142&subSourceType=brandstore-products&vendorId=A01321495&vendorItemId=90052590194,"data:image/gif;base64,R0lGODlhAQABAIAAAAAAAP///yH5BAEAAAAALAAAAAABAAEAAAIBRAA7"
로봇청소기,로봇청소기,"샤오미 로봇청소기 S20 D106, 화이트",218000,,,4.0,7.0,True,https://www.coupang.com/vp/products/8336298119?itemId=24071223832&searchId=ed9574d5f4c248508c46efc46f5fc6ee&sourceType=brandstore-products&storeId=206142&subSourceType=brandstore-products&vendorId=A01321495&vendorItemId=91090936285,"data:image/gif;base64,R0lGODlhAQABAIAAAAAAAP///yH5BAEAAAAALAAAAAABAAEAAAIBRAA7"
로봇청소기,로봇청소기,"샤오미 로봇청소기 S20+ B108GL, 화이트",318000,,,5.0,18.0,True,https://www.coupang.com/vp/products/8336459019?itemId=24071802582&searchId=ed9574d5f4c248508c46efc46f5fc6ee&sourceType=brandstore-products&storeId=206142&subSourceType=brandstore-products&vendorId=A01321495&vendorItemId=91091502973,"data:image/gif;base64,R0lGODlhAQABAIAAAAAAAP///yH5BAEAAAAALAAAAAABAAEAAAIBRAA7"
로봇청소기,로봇청소기,"샤오미 로봇청소기 E10 B112, 화이트",178000,,,4.5,18.0,True,https://www.coupang.com/vp/products/8338170363?itemId=24077834623&searchId=ed9574d5f4c248508c46efc46f5fc6ee&sourceType=brandstore-products&storeId=206142&subSourceType=brandstore-products&vendorId=A01321495&vendorItemId=91097469098,"data:image/gif;base64,R0lGODlhAQABAIAAAAAAAP///yH5BAEAAAAALAAAAAABAAEAAAIBRAA7"
로봇청소기,로봇청소기,"샤오미 로봇청소기 X20 Pro D102GL, D102GL(청소기), 화이트",649000,846700.0,23.0,5.0,13.0,True,https://www.coupang.com/vp/products/8497209862?itemId=24593743662&searchId=ed9574d5f4c248508c46efc46f5fc6ee&sourceType=brandstore-products&storeId=206142&subSourceType=brandstore-products&vendorId=A01321495&vendorItemId=91605359885,"data:image/gif;base64,R0lGODlhAQABAIAAAAAAAP///yH5BAEAAAAALAAAAAABAAEAAAIBRAA7"
로봇청소기,로봇청소기,"샤오미 로봇청소기 X10+ / S10+ 브러쉬 커버, 1개, B101GL-ZSZ",12800,15800.0,18.0,3.0,1.0,True,https://www.coupang.com/vp/products/8518462493?itemId=24662486545&searchId=ed9574d5f4c248508c46efc46f5fc6ee&sourceType=brandstore-products&storeId=206142&subSourceType=brandstore-products&vendorId=A01321495&vendorItemId=91672896831,"data:image/gif;base64,R0lGODlhAQABAIAAAAAAAP///yH5BAEAAAAALAAAAAABAAEAAAIBRAA7"
로봇청소기,로봇청소기,샤오미 로봇청소기 X10+ / S10+ / X10 사이드 브러쉬,25280,,,4.5,3.0,True,https://www.coupang.com/vp/products/8305225725?itemId=24662538141&searchId=ed9574d5f4c248508c46efc46f5fc6ee&sourceType=brandstore-products&storeId=206142&subSourceType=brandstore-products&vendorId=A01321495&vendorItemId=91672947218,"data:image/gif;base64,R0lGODlhAQABAIAAAAAAAP///yH5BAEAAAAALAAAAAABAAEAAAIBRAA7"
로봇청소기,로봇청소기,"샤오미 로봇 청소기 X10+ / X10 일회용 먼지봉투, 5개, B101GL-CHD",19800,,,,,True,https://www.coupang.com/vp/products/8518458631?itemId=24662469825&searchId=ed9574d5f4c248508c46efc46f5fc6ee&sourceType=brandstore-products&storeId=206142&subSourceType=brandstore-products&vendorId=A01321495&vendorItemId=91672880404,"data:image/gif;base64,R0lGODlhAQABAIAAAAAAAP///yH5BAEAAAAALAAAAAABAAEAAAIBRAA7"
로봇청소기,로봇청소기,"샤오미 로봇청소기 X10+ / S10+ 로봇청소기 브러쉬 B101GL-ZS, 1개",15800,,,5.0,1.0,True,https://www.coupang.com/vp/products/8518462768?itemId=24662487744&searchId=ed9574d5f4c248508c46efc46f5fc6ee&sourceType=brandstore-products&storeId=206142&subSourceType=brandstore-products&vendorId=A01321495&vendorItemId=91672897785,"data:image/gif;base64,R0lGODlhAQABAIAAAAAAAP///yH5BAEAAAAALAAAAAABAAEAAAIBRAA7"
로봇청소기,로봇청소기,"샤오미 X20 Max 로봇청소기 D109GL, 검정",749000,,,4.5,62.0,True,https://www.coupang.com/vp/products/8535177199?itemId=24707741056&searchId=ed9574d5f4c248508c46efc46f5fc6ee&sourceType=brandstore-products&storeId=206142&subSourceType=brandstore-products&vendorId=A01321495&vendorItemId=91717163503,"data:image/gif;base64,R0lGODlhAQABAIAAAAAAAP///yH5BAEAAAAALAAAAAABAAEAAAIBRAA7"
로봇청소기,로봇청소기,"샤오미 로봇청소기 X20 Pro / X20 Max 필터, 2개, D109GL-LW",15800,,,5.0,1.0,True,https://www.coupang.com/vp/products/8693085897?itemId=25239846403&searchId=ed9574d5f4c248508c46efc46f5fc6ee&sourceType=brandstore-products&storeId=206142&subSourceType=brandstore-products&vendorId=A01321495&vendorItemId=92235921973,"data:image/gif;base64,R0lGODlhAQABAIAAAAAAAP///yH5BAEAAAAALAAAAAABAAEAAAIBRAA7"
로봇청소기,로봇청소기,"샤오미 로봇청소기 X20 Max 브러시 커버, 1개입, D109GL-ZSZ",17800,,,,,True,https://www.coupang.com/vp/products/8693145278?itemId=25240005144&searchId=ed9574d5f4c248508c46efc46f5fc6ee&sourceType=brandstore-products&storeId=206142&subSourceType=brandstore-products&vendorId=A01321495&vendorItemId=92236078230,"data:image/gif;base64,R0lGODlhAQABAIAAAAAAAP///yH5BAEAAAAALAAAAAABAAEAAAIBRAA7"
로봇청소기,로봇청소기,"Xiaomi 로봇청소기 X20 Max / Pro 자동 털 절단 브러시, 1개, D109GL-GMZS",24800,,,,,True,https://www.coupang.com/vp/products/8717228227?itemId=25319182328&searchId=ed9574d5f4c248508c46efc46f5fc6ee&sourceType=brandstore-products&storeId=206142&subSourceType=brandstore-products&vendorId=A01321495&vendorItemId=92314174816,"data:image/gif;base64,R0lGODlhAQABAIAAAAAAAP///yH5BAEAAAAALAAAAAABAAEAAAIBRAA7"
로봇청소기,청소기,"샤오미 무선 핸디 차량용청소기, SSXCQ01XY, 혼합색상",61150,,,4.5,3571.0,True,https://www.coupang.com/vp/products/5033702070?itemId=6762082185&searchId=eaed00bbcbb245bb9870f97f3d81ef4f&sourceType=brandstore-products&storeId=206142&subSourceType=brandstore-products&vendorId=A01321495&vendorItemId=74054886899,"data:image/gif;base64,R0lGODlhAQABAIAAAAAAAP///yH5BAEAAAAALAAAAAABAAEAAAIBRAA7"
로봇청소기,청소기,"샤오미 무선 핸디 차량용청소기, SSXCQ01XY, 혼합색상",59900,,,4.5,5.0,True,https://www.coupang.com/vp/products/7282448898?itemId=18595691957&searchId=eaed00bbcbb245bb9870f97f3d81ef4f&sourceType=brandstore-products&storeId=206142&subSourceType=brandstore-products&vendorId=A01321495&vendorItemId=85731841033,"data:image/gif;base64,R0lGODlhAQABAIAAAAAAAP///yH5BAEAAAAALAAAAAABAAEAAAIBRAA7"
로봇청소기,청소기,"먼지 진공 청소기 필터, 2개, MJCMY02GL-LX",9980,,,5.0,1.0,True,https://www.coupang.com/vp/products/8490392462?itemId=24574091366&searchId=eaed00bbcbb245bb9870f97f3d81ef4f&sourceType=brandstore-products&storeId=206142&subSourceType=brandstore-products&vendorId=A01321495&vendorItemId=91586021777,"data:image/gif;base64,R0lGODlhAQABAIAAAAAAAP///yH5BAEAAAAALAAAAAABAAEAAAIBRAA7"
로봇청소기,청소기,"샤오미 먼지 진드기 진공 청소기 MJCMY02KR, 화이트",54800,,,4.5,44.0,True,https://www.coupang.com/vp/products/8498878649?itemId=24600640483&searchId=eaed00bbcbb245bb9870f97f3d81ef4f&sourceType=brandstore-products&storeId=206142&subSourceType=brandstore-products&vendorId=A01321495&vendorItemId=91612149903,"data:image/gif;base64,R0lGODlhAQABAIAAAAAAAP///yH5BAEAAAAALAAAAAABAAEAAAIBRAA7"
로봇청소기,청소기,"샤오미 Truclean W20 건습식 진공 무선 청소기 C305HW, 화이트",240150,258000.0,6.0,5.0,1.0,True,https://www.coupang.com/vp/products/8633910718?itemId=25049968040&searchId=eaed00bbcbb245bb9870f97f3d81ef4f&sourceType=brandstore-products&storeId=206142&subSourceType=brandstore-products&vendorId=A01321495&vendorItemId=92054439328,"data:image/gif;base64,R0lGODlhAQABAIAAAAAAAP///yH5BAEAAAAALAAAAAABAAEAAAIBRAA7"
로봇청소기,청소기,"샤오미 먼지 진드기 진공 청소기 Pro B402HW, 흰색",72540,74800.0,3.0,4.5,21.0,True,https://www.coupang.com/vp/products/8639816638?itemId=25072211677&searchId=eaed00bbcbb245bb9870f97f3d81ef4f&sourceType=brandstore-products&storeId=206142&subSourceType=brandstore-products&vendorId=A01321495&vendorItemId=92076278307,https://thumbnail8.coupangcdn.com/thumbnails/remote/230x230ex/image/retail/images/2025/03/10/13/4/5cbbec8f-c339-4bd0-800e-085a83f2f07c.jpg
로봇청소기,청소기,"샤오미 진공 청소기 G20, D205, 흰색",237240,249000.0,4.0,4.0,1.0,True,https://www.coupang.com/vp/products/8763363904?itemId=25483231421&searchId=eaed00bbcbb245bb9870f97f3d81ef4f&sourceType=brandstore-products&storeId=206142&subSourceType=brandstore-products&vendorId=A01321495&vendorItemId=92475507249,https://thumbnail9.coupangcdn.com/thumbnails/remote/230x230ex/image/retail/images/2025/05/09/14/9/75c4b9d6-401f-4035-b9d9-239854ebc057.png
로봇청소기,청소기,"샤오미 진공 청소기 G20 Max D206, 회색",301920,318000.0,5.0,,,True,https://www.coupang.com/vp/products/8763617793?itemId=25484405393&searchId=eaed00bbcbb245bb9870f97f3d81ef4f&sourceType=brandstore-products&storeId=206142&subSourceType=brandstore-products&vendorId=A01321495&vendorItemId=92476660566,https://thumbnail10.coupangcdn.com/thumbnails/remote/230x230ex/image/retail/images/2025/05/09/17/2/246cbd9c-c4a3-4645-8250-d069fab67c48.jpg
TV 모니터,샤오미 TV,"샤오미 FHD LED 스마트 디스플레이 TV, 108cm(43인치), L43MA-AFTWN, 스탠드형, 고객직접설치",288000,,,4.5,122.0,True,https://www.coupang.com/vp/products/8543109077?itemId=25294242916&searchId=8c783e1e3fb4460aae9cb04dd77f35bd&sourceType=brandstore-products&storeId=206142&subSourceType=brandstore-products&vendorId=A01321495&vendorItemId=92289609917,https://thumbnail7.coupangcdn.com/thumbnails/remote/230x230ex/image/retail/images/525046748979586-833e20d4-cdd5-4a15-a8e1-966f85182cd6.jpg
TV 모니터,샤오미 TV,"샤오미 HD LED 스마트 디스플레이 TV, 80.04cm(32인치), L32M8-A2KR, 스탠드형, 고객직접설치",188000,,,4.5,122.0,True,https://www.coupang.com/vp/products/8543109077?itemId=25186343376&searchId=8c783e1e3fb4460aae9cb04dd77f35bd&sourceType=brandstore-products&storeId=206142&subSourceType=brandstore-products&vendorId=A01321495&vendorItemId=92235906747,https://thumbnail7.coupangcdn.com/thumbnails/remote/230x230ex/image/retail/images/525060107041918-9a54b2d1-f3c8-416c-bf9e-c803703cc9f9.jpg
TV 모니터,샤오미 TV,"샤오미 4K UHD 안드로이드 11 Max TV, 217cm(86인치), L86M7-ESTWN, 스탠드형, 방문설치",1698000,,,4.0,7.0,True,https://www.coupang.com/vp/products/8253761505?itemId=23766089088&searchId=8c783e1e3fb4460aae9cb04dd77f35bd&sourceType=brandstore-products&storeId=206142&subSourceType=brandstore-products&vendorId=A01321495&vendorItemId=90790438172,https://thumbnail9.coupangcdn.com/thumbnails/remote/230x230ex/image/retail/images/71988579222383-b0076147-b8ab-4683-939d-f3e722473079.png
TV 모니터,샤오미 TV,"샤오미 4K UHD S Mini LED 스마트 디스플레이 TV, 165cm(65인치), L65MA-SPLEA, 스탠드형, 방문설치",998000,,,4.5,13.0,True,https://www.coupang.com/vp/products/8548437150?itemId=24754446539&searchId=8c783e1e3fb4460aae9cb04dd77f35bd&sourceType=brandstore-products&storeId=206142&subSourceType=brandstore-products&vendorId=A01321495&vendorItemId=91762885115,https://thumbnail9.coupangcdn.com/thumbnails/remote/230x230ex/image/retail/images/174402828544360-b2fe8f90-ec68-4f4f-a25c-a896d23ea85f.png
TV 모니터,샤오미 TV,"샤오미 4K UHD S Mini LED 디스플레이 스마트 TV, 189cm(75인치), L75MA-SPLEA, 스탠드형, 방문설치",1698000,,,4.5,13.0,True,https://www.coupang.com/vp/products/8548437150?itemId=24740637067&searchId=8c783e1e3fb4460aae9cb04dd77f35bd&sourceType=brandstore-products&storeId=206142&subSourceType=brandstore-products&vendorId=A01321495&vendorItemId=91749333496,https://thumbnail6.coupangcdn.com/thumbnails/remote/230x230ex/image/retail/images/174402635347029-e385dece-3505-49e8-a47a-6cf3df1204d2.png
TV 모니터,샤오미 TV,"샤오미 4K QLED 스마트 디스플레이 A Pro TV, 165cm(65인치), L65MA-STWN, 스탠드형, 방문설치",798000,,,4.5,66.0,True,https://www.coupang.com/vp/products/8542998201?itemId=24735412937&searchId=8c783e1e3fb4460aae9cb04dd77f35bd&sourceType=brandstore-products&storeId=206142&subSourceType=brandstore-products&vendorId=A01321495&vendorItemId=91744210675,"data:image/gif;base64,R0lGODlhAQABAIAAAAAAAP///yH5BAEAAAAALAAAAAABAAEAAAIBRAA7"
TV 모니터,샤오미 TV,"샤오미 4K QLED 스마트 디스플레이 A Pro TV, 189cm(75인치), L75MA-STWN, 스탠드형, 방문설치",1098000,,,4.5,66.0,True,https://www.coupang.com/vp/products/8542998201?itemId=24735468953&searchId=8c783e1e3fb4460aae9cb04dd77f35bd&sourceType=brandstore-products&storeId=206142&subSourceType=brandstore-products&vendorId=A01321495&vendorItemId=91744264940,"data:image/gif;base64,R0lGODlhAQABAIAAAAAAAP///yH5BAEAAAAALAAAAAABAAEAAAIBRAA7"
TV 모니터,샤오미 TV,"샤오미 4K QLED 스마트 디스플레이 A Pro TV, 110cm(43인치), L43MA-STWN, 스탠드형, 고객직접설치",358000,,,4.5,66.0,True,https://www.coupang.com/vp/products/8542998201?itemId=24727776364&searchId=8c783e1e3fb4460aae9cb04dd77f35bd&sourceType=brandstore-products&storeId=206142&subSourceType=brandstore-products&vendorId=A01321495&vendorItemId=91736808000,"data:image/gif;base64,R0lGODlhAQABAIAAAAAAAP///yH5BAEAAAAALAAAAAABAAEAAAIBRAA7"
TV 모니터,샤오미 TV,"샤오미 4K QLED 스마트 디스플레이 A Pro TV, 140cm(55인치), L55MA-STWN, 스탠드형, 방문설치",548000,,,4.5,66.0,True,https://www.coupang.com/vp/products/8542998201?itemId=24734267474&searchId=8c783e1e3fb4460aae9cb04dd77f35bd&sourceType=brandstore-products&storeId=206142&subSourceType=brandstore-products&vendorId=A01321495&vendorItemId=91743104389,"data:image/gif;base64,R0lGODlhAQABAIAAAAAAAP///yH5BAEAAAAALAAAAAABAAEAAAIBRAA7"
TV 모니터,샤오미 TV,"샤오미 4K UHD LED TV, 165cm(65인치), L65MA-ATWN, 스탠드형, 방문설치",648000,,,4.5,122.0,True,https://www.coupang.com/vp/products/8543109077?itemId=24735521706&searchId=8c783e1e3fb4460aae9cb04dd77f35bd&sourceType=brandstore-products&storeId=206142&subSourceType=brandstore-products&vendorId=A01321495&vendorItemId=91744316737,"data:image/gif;base64,R0lGODlhAQABAIAAAAAAAP///yH5BAEAAAAALAAAAAABAAEAAAIBRAA7"
TV 모니터,샤오미 TV,"샤오미 4K UHD HDR10 스마트 디스플레이 A50 TV, 127cm(50인치), L50MA-AKR, 스탠드형, 고객직접설치",388000,,,4.5,122.0,True,https://www.coupang.com/vp/products/8543109077?itemId=25186343378&searchId=8c783e1e3fb4460aae9cb04dd77f35bd&sourceType=brandstore-products&storeId=206142&subSourceType=brandstore-products&vendorId=A01321495&vendorItemId=91737016369,"data:image/gif;base64,R0lGODlhAQABAIAAAAAAAP///yH5BAEAAAAALAAAAAABAAEAAAIBRAA7"
TV 모니터,샤오미 모니터,"샤오미 미니 LED G Pro 27i 180Hz 게이밍 모니터, 68.47cm, P27QBA-RGPGL",448000,478000.0,6.0,5.0,1.0,True,https://www.coupang.com/vp/products/8497686862?itemId=24595990504&searchId=9cfe2c88590f4a4281ed008f87ea8035&sourceType=brandstore-carousel&storeId=206142&subSourceType=brandstore-carousel&vendorId=A01321495&vendorItemId=91607568627,https://thumbnail10.coupangcdn.com/thumbnails/remote/230x230ex/image/retail/images/546024590650725-1cab7c10-304d-47f5-b37a-7210364de3aa.jpg
TV 모니터,샤오미 모니터,"샤오미 WQHD 커브드 게이밍 모니터, 86.36cm, G34WQi",349800,,,5.0,79.0,True,https://www.coupang.com/vp/products/8134833615?itemId=23106452747&searchId=9cfe2c88590f4a4281ed008f87ea8035&sourceType=brandstore-carousel&storeId=206142&subSourceType=brandstore-carousel&vendorId=A01321495&vendorItemId=90139746683,https://thumbnail6.coupangcdn.com/thumbnails/remote/230x230ex/image/retail/images/1410023805747373-69f723c0-e194-4ffa-bd9f-3b593882b263.jpg
TV 모니터,샤오미 모니터,"샤오미 2K QHD 게이밍 모니터 180Hz, 68.47cm, P27QCA-RGGL G27Qi",229800,239800.0,4.0,5.0,5.0,True,https://www.coupang.com/vp/products/8497325293?itemId=24594346410&searchId=9cfe2c88590f4a4281ed008f87ea8035&sourceType=brandstore-carousel&storeId=206142&subSourceType=brandstore-carousel&vendorId=A01321495&vendorItemId=91605953066,https://thumbnail8.coupangcdn.com/thumbnails/remote/230x230ex/image/retail/images/546038225003087-045f5dce-9bfc-4697-a143-fd045eb11258.jpg
TV 모니터,샤오미 모니터,"샤오미 FHD IPS 모니터 A27i, 68cm, P27FBA-RAGL",139800,171190.0,18.0,4.5,20.0,True,https://www.coupang.com/vp/products/8161097109?itemId=23267282024&searchId=9cfe2c88590f4a4281ed008f87ea8035&sourceType=brandstore-carousel&storeId=206142&subSourceType=brandstore-carousel&vendorId=A01321495&vendorItemId=90299641717,https://thumbnail9.coupangcdn.com/thumbnails/remote/230x230ex/image/retail/images/118608191315284-19b7fd0c-9764-4383-9529-e6d0dfe0c433.jpg
TV 모니터,샤오미 모니터,"샤오미 FHD 디스플레이 G24i 180Hz 게이밍 모니터, 60.47cm, P24FCA-RGGL",139800,,,5.0,3.0,True,https://www.coupang.com/vp/products/8336285632?itemId=24071176024&searchId=9cfe2c88590f4a4281ed008f87ea8035&sourceType=brandstore-carousel&storeId=206142&subSourceType=brandstore-carousel&vendorId=A01321495&vendorItemId=91090889135,https://thumbnail7.coupangcdn.com/thumbnails/remote/230x230ex/image/retail/images/198624641113491-4ee28bf1-de7c-4864-b56d-68f92065e557.jpg
TV 모니터,샤오미 모니터,"샤오미 FHD 게이밍 모니터, 68cm, P27FBB-RGGL",169800,,,4.5,20.0,True,https://www.coupang.com/vp/products/8134833504?itemId=23106451973&searchId=9cfe2c88590f4a4281ed008f87ea8035&sourceType=brandstore-carousel&storeId=206142&subSourceType=brandstore-carousel&vendorId=A01321495&vendorItemId=90139745937,https://thumbnail7.coupangcdn.com/thumbnails/remote/230x230ex/image/retail/images/1381558520972715-1772261c-e7f9-43c7-b22d-720d9a285b35.jpg
생활가전,샤오미 보조 배터리,"샤오미 22.5W 보조배터리 10000mah 멀티단자, 아이스 블루, P15ZM",24800,79800.0,68.0,4.5,16.0,True,https://www.coupang.com/vp/products/8535000293?itemId=24707219202&searchId=c47c2e2cd8ca4f90aba680285c26bc83&sourceType=brandstore-carousel&storeId=206142&subSourceType=brandstore-carousel&vendorId=A01321495&vendorItemId=91716657505,"data:image/gif;base64,R0lGODlhAQABAIAAAAAAAP///yH5BAEAAAAALAAAAAABAAEAAAIBRAA7"
생활가전,샤오미 보조 배터리,"샤오미 22.5W 보조배터리 10000mah 멀티단자, 베이지, P15ZM",24800,79800.0,68.0,4.5,16.0,True,https://www.coupang.com/vp/products/8535000293?itemId=24707373949&searchId=c47c2e2cd8ca4f90aba680285c26bc83&sourceType=brandstore-carousel&storeId=206142&subSourceType=brandstore-carousel&vendorId=A01321495&vendorItemId=91716806450,"data:image/gif;base64,R0lGODlhAQABAIAAAAAAAP///yH5BAEAAAAALAAAAAABAAEAAAIBRAA7"
생활가전,샤오미 보조 배터리,"샤오미 33W 보조배터리 20000mah, PB2030MI, PB2030MI(다크네이비)",36800,96800.0,61.0,5.0,133.0,True,https://www.coupang.com/vp/products/8424594792?itemId=24371870804&searchId=c47c2e2cd8ca4f90aba680285c26bc83&sourceType=brandstore-carousel&storeId=206142&subSourceType=brandstore-carousel&vendorId=A01321495&vendorItemId=91716685578,"data:image/gif;base64,R0lGODlhAQABAIAAAAAAAP///yH5BAEAAAAALAAAAAABAAEAAAIBRAA7"
생활가전,샤오미 보조 배터리,"샤오미 20W 울트라 슬림 보조배터리 5000mah C타입, 스페이스 그레이, PB0520MI",28800,88800.0,67.0,5.0,37.0,True,https://www.coupang.com/vp/products/8540039458?itemId=24724735022&searchId=c47c2e2cd8ca4f90aba680285c26bc83&sourceType=brandstore-carousel&storeId=206142&subSourceType=brandstore-carousel&vendorId=A01321495&vendorItemId=91733893492,"data:image/gif;base64,R0lGODlhAQABAIAAAAAAAP///yH5BAEAAAAALAAAAAABAAEAAAIBRAA7"
생활가전,사계절! 완벽한 공기 케어!,샤오미 스마트 공기청정기 4 프로 AC-M15-SC 60㎡,299800,498000.0,39.0,5.0,660.0,True,https://www.coupang.com/vp/products/6376779656?itemId=13530000000&searchId=beabefcd32034e7bb7bdb1b526b0f1d2&sourceType=brandstore-carousel&storeId=206142&subSourceType=brandstore-carousel&vendorId=A01321495&vendorItemId=80481152529,"data:image/gif;base64,R0lGODlhAQABAIAAAAAAAP///yH5BAEAAAAALAAAAAABAAEAAAIBRAA7"
생활가전,사계절! 완벽한 공기 케어!,샤오미 스마트 공기청정기 4 라이트 AC-M17-SC 43㎡,157200,298000.0,47.0,5.0,786.0,True,https://www.coupang.com/vp/products/7136722508?itemId=17909012135&searchId=beabefcd32034e7bb7bdb1b526b0f1d2&sourceType=brandstore-carousel&storeId=206142&subSourceType=brandstore-carousel&vendorId=A01321495&vendorItemId=85071713218,"data:image/gif;base64,R0lGODlhAQABAIAAAAAAAP///yH5BAEAAAAALAAAAAABAAEAAAIBRAA7"
생활가전,사계절! 완벽한 공기 케어!,"샤오미 스마트 기화식 가습기, CJSJSQ02XYKR, 화이트",118000,198000.0,40.0,4.5,18.0,True,https://www.coupang.com/vp/products/8497596221?itemId=24595690334&searchId=beabefcd32034e7bb7bdb1b526b0f1d2&sourceType=brandstore-carousel&storeId=206142&subSourceType=brandstore-carousel&vendorId=A01321495&vendorItemId=91607275301,"data:image/gif;base64,R0lGODlhAQABAIAAAAAAAP///yH5BAEAAAAALAAAAAABAAEAAAIBRAA7"
생활가전,사계절! 완벽한 공기 케어!,샤오미 스마트 제습기 14L CSJ0114DM,328000,498000.0,34.0,5.0,257.0,True,https://www.coupang.com/vp/products/6595263884?itemId=14898909061&searchId=beabefcd32034e7bb7bdb1b526b0f1d2&sourceType=brandstore-carousel&storeId=206142&subSourceType=brandstore-carousel&vendorId=A01321495&vendorItemId=82137655638,"data:image/gif;base64,R0lGODlhAQABAIAAAAAAAP///yH5BAEAAAAALAAAAAABAAEAAAIBRAA7"
생활가전,샤오미 라이프,"샤오미 롤탑 캐주얼 노트북 백팩, 락 그레이, 1개",69940,,,5.0,1.0,True,https://www.coupang.com/vp/products/8490364131?itemId=24574006656&searchId=706a5c097dd94c58b91dd5080b91983d&sourceType=brandstore-carousel&storeId=206142&subSourceType=brandstore-carousel&vendorId=A01321495&vendorItemId=91585938738,"data:image/gif;base64,R0lGODlhAQABAIAAAAAAAP///yH5BAEAAAAALAAAAAABAAEAAAIBRAA7"
생활가전,샤오미 라이프,"샤오미 비즈니스 노트북 백팩 XMSWB01RM, 블랙, 1개",78800,,,5.0,2.0,True,https://www.coupang.com/vp/products/8490728728?itemId=24574638442&searchId=706a5c097dd94c58b91dd5080b91983d&sourceType=brandstore-carousel&storeId=206142&subSourceType=brandstore-carousel&vendorId=A01321495&vendorItemId=91586555978,"data:image/gif;base64,R0lGODlhAQABAIAAAAAAAP///yH5BAEAAAAALAAAAAABAAEAAAIBRAA7"
생활가전,스마트한 생활 가전,"샤오미 휴대용 스팀 다리미, 화이트, B502CN",118090,,,5.0,4.0,True,https://www.coupang.com/vp/products/8491445727?itemId=24575420799&searchId=3c11fbc321a04539bd718bb1ba430f88&sourceType=brandstore-products&storeId=206142&subSourceType=brandstore-products&vendorId=A01321495&vendorItemId=91587303715,"data:image/gif;base64,R0lGODlhAQABAIAAAAAAAP///yH5BAEAAAAALAAAAAABAAEAAAIBRAA7"
생활가전,스마트한 생활 가전,"샤오미 인덕션 원형 1인용 조리기 라이트 1구, DCL002CM-3, 일반형",58800,,,5.0,4.0,True,https://www.coupang.com/vp/products/8490418289?itemId=24574179861&searchId=3c11fbc321a04539bd718bb1ba430f88&sourceType=brandstore-products&storeId=206142&subSourceType=brandstore-products&vendorId=A01321495&vendorItemId=91586107607,"data:image/gif;base64,R0lGODlhAQABAIAAAAAAAP///yH5BAEAAAAALAAAAAABAAEAAAIBRAA7"
생활가전,스마트한 생활 가전,"샤오미 스마트 다기능 밥솥 2~6인용, MFB120A-3, 화이트",67170,,,4.5,16.0,True,https://www.coupang.com/vp/products/8497283674?itemId=24594089842&searchId=3c11fbc321a04539bd718bb1ba430f88&sourceType=brandstore-products&storeId=206142&subSourceType=brandstore-products&vendorId=A01321495&vendorItemId=91605699595,"data:image/gif;base64,R0lGODlhAQABAIAAAAAAAP///yH5BAEAAAAALAAAAAABAAEAAAIBRAA7"
생활가전,스마트한 생활 가전,"샤오미 GaN 듀얼 포트 충전기 67W, 화이트, 1개",29800,,,5.0,15.0,True,https://www.coupang.com/vp/products/8538529966?itemId=24719164066&searchId=3c11fbc321a04539bd718bb1ba430f88&sourceType=brandstore-products&storeId=206142&subSourceType=brandstore-products&vendorId=A01321495&vendorItemId=91728429338,"data:image/gif;base64,R0lGODlhAQABAIAAAAAAAP///yH5BAEAAAAALAAAAAABAAEAAAIBRAA7"
생활가전,스마트한 생활 가전,샤오미 스마트 무선 스탠드 선풍기2 Pro BPLDS03DM,134720,299800.0,55.0,5.0,2442.0,True,https://www.coupang.com/vp/products/7266364764?itemId=18520563622&searchId=3c11fbc321a04539bd718bb1ba430f88&sourceType=brandstore-products&storeId=206142&subSourceType=brandstore-products&vendorId=A01321495&vendorItemId=81820078788,"data:image/gif;base64,R0lGODlhAQABAIAAAAAAAP///yH5BAEAAAAALAAAAAABAAEAAAIBRAA7"
생활가전,스마트한 생활 가전,샤오미 헤어 클리퍼 전문가용 이발기 LFQ03KL,32330,48800.0,33.0,5.0,347.0,True,https://www.coupang.com/vp/products/7136842527?itemId=17909530559&searchId=3c11fbc321a04539bd718bb1ba430f88&sourceType=brandstore-products&storeId=206142&subSourceType=brandstore-products&vendorId=A01321495&vendorItemId=85072226469,https://thumbnail10.coupangcdn.com/thumbnails/remote/230x230ex/image/1025_amir_coupang_oct_80k/1574/9ba86993010bdb4f53075456baf8b8d47e428061ca0e6380016af8dcea54.jpg
생활가전,스마트한 생활 가전,[쿠팡수입] 샤오미 미니 마사지 건 다크블루 XMFG-M352,176250,,,4.5,18.0,True,https://www.coupang.com/vp/products/7017874567?itemId=17270713217&searchId=3c11fbc321a04539bd718bb1ba430f88&sourceType=brandstore-products&storeId=206142&subSourceType=brandstore-products&vendorId=A01321495&vendorItemId=84441851431,https://thumbnail10.coupangcdn.com/thumbnails/remote/230x230ex/image/retail/images/78364604391116-5c31d97f-5cf8-4cfa-b7d5-a93bb5ff7ec1.jpg
